group,stop,ci,time,dying,dif5,dif10,id,_STAT_,g_dif5,g_dif10,flag5,flag10
1,0,0,0,0,5,10,1,MIN,0.005479452,0.008219178,,
1,29,0.000047102,0.079452055,0.004710205,4.920547945,9.920547945,2,MIN,0.005479452,0.008219178,,
1,30,9.42041E-05,0.082191781,0.009420409,4.917808219,9.917808219,3,MIN,0.005479452,0.008219178,,
1,38,0.000141306,0.104109589,0.014130614,4.895890411,9.895890411,4,MIN,0.005479452,0.008219178,,
1,105,0.000188408,0.287671233,0.018840819,4.712328767,9.712328767,5,MIN,0.005479452,0.008219178,,
1,122,0.00023551,0.334246575,0.023551023,4.665753425,9.665753425,6,MIN,0.005479452,0.008219178,,
1,131,0.000282612,0.35890411,0.028261228,4.64109589,9.64109589,7,MIN,0.005479452,0.008219178,,
1,132,0.000329714,0.361643836,0.032971433,4.638356164,9.638356164,8,MIN,0.005479452,0.008219178,,
1,184,0.000376816,0.504109589,0.037681637,4.495890411,9.495890411,9,MIN,0.005479452,0.008219178,,
1,187,0.000423918,0.512328767,0.042391842,4.487671233,9.487671233,10,MIN,0.005479452,0.008219178,,
1,191,0.000471021,0.523287671,0.047102047,4.476712329,9.476712329,11,MIN,0.005479452,0.008219178,,
1,192,0.000518123,0.526027397,0.051812251,4.473972603,9.473972603,12,MIN,0.005479452,0.008219178,,
1,219,0.000565225,0.6,0.056522456,4.4,9.4,13,MIN,0.005479452,0.008219178,,
1,235,0.000612327,0.643835616,0.061232661,4.356164384,9.356164384,14,MIN,0.005479452,0.008219178,,
1,250,0.000659429,0.684931507,0.065942865,4.315068493,9.315068493,15,MIN,0.005479452,0.008219178,,
1,314,0.000706531,0.860273973,0.07065307,4.139726027,9.139726027,16,MIN,0.005479452,0.008219178,,
1,341,0.000753633,0.934246575,0.075363275,4.065753425,9.065753425,17,MIN,0.005479452,0.008219178,,
1,354,0.000800735,0.969863014,0.080073479,4.030136986,9.030136986,18,MIN,0.005479452,0.008219178,,
1,358,0.000847837,0.980821918,0.084783684,4.019178082,9.019178082,19,MIN,0.005479452,0.008219178,,
1,418,0.000894939,1.14520548,0.089493889,3.854794521,8.854794521,20,MIN,0.005479452,0.008219178,,
1,468,0.000942041,1.282191781,0.094204093,3.717808219,8.717808219,21,MIN,0.005479452,0.008219178,,
1,488,0.000989143,1.336986301,0.098914298,3.663013699,8.663013699,22,MIN,0.005479452,0.008219178,,
1,496,0.001036245,1.35890411,0.103624503,3.64109589,8.64109589,23,MIN,0.005479452,0.008219178,,
1,517,0.001083347,1.416438356,0.108334707,3.583561644,8.583561644,24,MIN,0.005479452,0.008219178,,
1,561,0.001130449,1.536986301,0.113044912,3.463013699,8.463013699,25,MIN,0.005479452,0.008219178,,
1,566,0.001177551,1.550684932,0.117755116,3.449315069,8.449315069,26,MIN,0.005479452,0.008219178,,
1,606,0.001224653,1.660273973,0.122465321,3.339726027,8.339726027,27,MIN,0.005479452,0.008219178,,
1,639,0.001271755,1.750684932,0.127175526,3.249315069,8.249315069,28,MIN,0.005479452,0.008219178,,
1,647,0.001318857,1.77260274,0.13188573,3.22739726,8.22739726,29,MIN,0.005479452,0.008219178,,
1,677,0.001365959,1.854794521,0.136595935,3.14520548,8.14520548,30,MIN,0.005479452,0.008219178,,
1,689,0.001413061,1.887671233,0.14130614,3.112328767,8.112328767,31,MIN,0.005479452,0.008219178,,
1,749,0.001460163,2.052054795,0.146016344,2.947945206,7.947945206,32,MIN,0.005479452,0.008219178,,
1,821,0.001507266,2.249315069,0.150726549,2.750684932,7.750684932,33,MIN,0.005479452,0.008219178,,
1,861,0.001554368,2.35890411,0.155436754,2.64109589,7.64109589,34,MIN,0.005479452,0.008219178,,
1,872,0.00160147,2.389041096,0.160146958,2.610958904,7.610958904,35,MIN,0.005479452,0.008219178,,
1,877,0.001648572,2.402739726,0.164857163,2.597260274,7.597260274,36,MIN,0.005479452,0.008219178,,
1,887,0.001695674,2.430136986,0.169567368,2.569863014,7.569863014,37,MIN,0.005479452,0.008219178,,
1,899,0.001742776,2.463013699,0.174277572,2.536986301,7.536986301,38,MIN,0.005479452,0.008219178,,
1,900,0.001789878,2.465753425,0.178987777,2.534246575,7.534246575,39,MIN,0.005479452,0.008219178,,
1,911,0.00183698,2.495890411,0.183697982,2.504109589,7.504109589,40,MIN,0.005479452,0.008219178,,
1,921,0.001884082,2.523287671,0.188408186,2.476712329,7.476712329,41,MIN,0.005479452,0.008219178,,
1,957,0.001931184,2.621917808,0.193118391,2.378082192,7.378082192,42,MIN,0.005479452,0.008219178,,
1,1010,0.001978286,2.767123288,0.197828596,2.232876712,7.232876712,43,MIN,0.005479452,0.008219178,,
1,1013,0.002025388,2.775342466,0.2025388,2.224657534,7.224657534,44,MIN,0.005479452,0.008219178,,
1,1018,0.00207249,2.789041096,0.207249005,2.210958904,7.210958904,45,MIN,0.005479452,0.008219178,,
1,1035,0.002166692,2.835616438,0.216669192,2.164383562,7.164383562,46,MIN,0.005479452,0.008219178,,
1,1057,0.002213794,2.895890411,0.221379397,2.104109589,7.104109589,47,MIN,0.005479452,0.008219178,,
1,1090,0.002260896,2.98630137,0.226089601,2.01369863,7.01369863,48,MIN,0.005479452,0.008219178,,
1,1131,0.002307998,3.098630137,0.230799806,1.901369863,6.901369863,49,MIN,0.005479452,0.008219178,,
1,1163,0.0023551,3.18630137,0.235510011,1.81369863,6.81369863,50,MIN,0.005479452,0.008219178,,
1,1165,0.002402202,3.191780822,0.240220215,1.808219178,6.808219178,51,MIN,0.005479452,0.008219178,,
1,1172,0.002449304,3.210958904,0.24493042,1.789041096,6.789041096,52,MIN,0.005479452,0.008219178,,
1,1175,0.002496406,3.219178082,0.249640625,1.780821918,6.780821918,53,MIN,0.005479452,0.008219178,,
1,1178,0.002543508,3.22739726,0.254350829,1.77260274,6.77260274,54,MIN,0.005479452,0.008219178,,
1,1186,0.00259061,3.249315069,0.259061034,1.750684932,6.750684932,55,MIN,0.005479452,0.008219178,,
1,1187,0.002637712,3.252054795,0.263771239,1.747945206,6.747945206,56,MIN,0.005479452,0.008219178,,
1,1209,0.002684814,3.312328767,0.268481443,1.687671233,6.687671233,57,MIN,0.005479452,0.008219178,,
1,1220,0.002731917,3.342465753,0.273191648,1.657534247,6.657534247,58,MIN,0.005479452,0.008219178,,
1,1238,0.002779019,3.391780822,0.277901853,1.608219178,6.608219178,59,MIN,0.005479452,0.008219178,,
1,1269,0.002826121,3.476712329,0.282612057,1.523287671,6.523287671,60,MIN,0.005479452,0.008219178,,
1,1287,0.002873223,3.526027397,0.287322262,1.473972603,6.473972603,61,MIN,0.005479452,0.008219178,,
1,1288,0.002920325,3.528767123,0.292032467,1.471232877,6.471232877,62,MIN,0.005479452,0.008219178,,
1,1333,0.002967427,3.652054795,0.296742671,1.347945206,6.347945206,63,MIN,0.005479452,0.008219178,,
1,1335,0.003014529,3.657534247,0.301452876,1.342465753,6.342465753,64,MIN,0.005479452,0.008219178,,
1,1349,0.003061631,3.695890411,0.306163081,1.304109589,6.304109589,65,MIN,0.005479452,0.008219178,,
1,1370,0.003108733,3.753424658,0.310873285,1.246575343,6.246575343,66,MIN,0.005479452,0.008219178,,
1,1403,0.003155835,3.843835616,0.31558349,1.156164384,6.156164384,67,MIN,0.005479452,0.008219178,,
1,1405,0.003202937,3.849315069,0.320293695,1.150684932,6.150684932,68,MIN,0.005479452,0.008219178,,
1,1538,0.003250039,4.21369863,0.325003899,0.78630137,5.78630137,69,MIN,0.005479452,0.008219178,,
1,1560,0.003297141,4.273972603,0.329714104,0.726027397,5.726027397,70,MIN,0.005479452,0.008219178,,
1,1563,0.003344243,4.282191781,0.334424309,0.717808219,5.717808219,71,MIN,0.005479452,0.008219178,,
1,1590,0.003391345,4.356164384,0.339134513,0.643835616,5.643835616,72,MIN,0.005479452,0.008219178,,
1,1597,0.003438447,4.375342466,0.343844718,0.624657534,5.624657534,73,MIN,0.005479452,0.008219178,,
1,1616,0.003485549,4.42739726,0.348554923,0.57260274,5.57260274,74,MIN,0.005479452,0.008219178,,
1,1676,0.003532651,4.591780822,0.353265127,0.408219178,5.408219178,75,MIN,0.005479452,0.008219178,,
1,1801,0.003579753,4.934246575,0.357975332,0.065753425,5.065753425,76,MIN,0.005479452,0.008219178,,
1,1803,0.003626855,4.939726027,0.362685537,0.060273973,5.060273973,77,MIN,0.005479452,0.008219178,,
1,1823,0.003673957,4.994520548,0.367395741,0.005479452,5.005479452,78,MIN,0.005479452,0.008219178,1,
1,1839,0.00372106,5.038356164,0.372105946,0.038356164,4.961643836,79,MIN,0.005479452,0.008219178,,
1,1849,0.003768162,5.065753425,0.376816151,0.065753425,4.934246575,80,MIN,0.005479452,0.008219178,,
1,1864,0.003815264,5.106849315,0.381526355,0.106849315,4.893150685,81,MIN,0.005479452,0.008219178,,
1,1875,0.003862366,5.136986301,0.38623656,0.136986301,4.863013699,82,MIN,0.005479452,0.008219178,,
1,1917,0.003909468,5.252054795,0.390946765,0.252054795,4.747945206,83,MIN,0.005479452,0.008219178,,
1,1926,0.00395657,5.276712329,0.395656969,0.276712329,4.723287671,84,MIN,0.005479452,0.008219178,,
1,1937,0.004003672,5.306849315,0.400367174,0.306849315,4.693150685,85,MIN,0.005479452,0.008219178,,
1,1980,0.004050774,5.424657534,0.405077379,0.424657534,4.575342466,86,MIN,0.005479452,0.008219178,,
1,1986,0.004097876,5.44109589,0.409787583,0.44109589,4.55890411,87,MIN,0.005479452,0.008219178,,
1,2061,0.004144978,5.646575343,0.414497788,0.646575343,4.353424658,88,MIN,0.005479452,0.008219178,,
1,2068,0.00419208,5.665753425,0.419207993,0.665753425,4.334246575,89,MIN,0.005479452,0.008219178,,
1,2087,0.004239182,5.717808219,0.423918225,0.717808219,4.282191781,90,MIN,0.005479452,0.008219178,,
1,2088,0.004286285,5.720547945,0.428628457,0.720547945,4.279452055,91,MIN,0.005479452,0.008219178,,
1,2096,0.004333387,5.742465753,0.433338688,0.742465753,4.257534247,92,MIN,0.005479452,0.008219178,,
1,2099,0.004380489,5.750684932,0.43804892,0.750684932,4.249315069,93,MIN,0.005479452,0.008219178,,
1,2109,0.004427592,5.778082192,0.442759152,0.778082192,4.221917808,94,MIN,0.005479452,0.008219178,,
1,2135,0.004474694,5.849315069,0.447469384,0.849315069,4.150684932,95,MIN,0.005479452,0.008219178,,
1,2161,0.004521796,5.920547945,0.452179616,0.920547945,4.079452055,96,MIN,0.005479452,0.008219178,,
1,2181,0.004568899,5.975342466,0.456889848,0.975342466,4.024657534,97,MIN,0.005479452,0.008219178,,
1,2192,0.004616001,6.005479452,0.46160008,1.005479452,3.994520548,98,MIN,0.005479452,0.008219178,,
1,2234,0.004663103,6.120547945,0.466310312,1.120547945,3.879452055,99,MIN,0.005479452,0.008219178,,
1,2245,0.004710205,6.150684932,0.471020544,1.150684932,3.849315069,100,MIN,0.005479452,0.008219178,,
1,2252,0.004757308,6.169863014,0.475730776,1.169863014,3.830136986,101,MIN,0.005479452,0.008219178,,
1,2276,0.00480441,6.235616438,0.480441008,1.235616438,3.764383562,102,MIN,0.005479452,0.008219178,,
1,2290,0.004851512,6.273972603,0.48515124,1.273972603,3.726027397,103,MIN,0.005479452,0.008219178,,
1,2308,0.004898615,6.323287671,0.489861471,1.323287671,3.676712329,104,MIN,0.005479452,0.008219178,,
1,2318,0.004945717,6.350684932,0.494571703,1.350684932,3.649315069,105,MIN,0.005479452,0.008219178,,
1,2320,0.004992819,6.356164384,0.499281935,1.356164384,3.643835616,106,MIN,0.005479452,0.008219178,,
1,2324,0.005039922,6.367123288,0.503992167,1.367123288,3.632876712,107,MIN,0.005479452,0.008219178,,
1,2340,0.005087024,6.410958904,0.508702399,1.410958904,3.589041096,108,MIN,0.005479452,0.008219178,,
1,2349,0.005134126,6.435616438,0.513412631,1.435616438,3.564383562,109,MIN,0.005479452,0.008219178,,
1,2353,0.005181229,6.446575343,0.518122863,1.446575343,3.553424658,110,MIN,0.005479452,0.008219178,,
1,2367,0.005228331,6.484931507,0.522833095,1.484931507,3.515068493,111,MIN,0.005479452,0.008219178,,
1,2380,0.005275433,6.520547945,0.527543327,1.520547945,3.479452055,112,MIN,0.005479452,0.008219178,,
1,2403,0.005322536,6.583561644,0.532253559,1.583561644,3.416438356,113,MIN,0.005479452,0.008219178,,
1,2449,0.005369636,6.709589041,0.536963568,1.709589041,3.290410959,114,MIN,0.005479452,0.008219178,,
1,2461,0.005416736,6.742465753,0.541673577,1.742465753,3.257534247,115,MIN,0.005479452,0.008219178,,
1,2463,0.005463836,6.747945206,0.546383585,1.747945206,3.252054795,116,MIN,0.005479452,0.008219178,,
1,2483,0.005510936,6.802739726,0.55109363,1.802739726,3.197260274,117,MIN,0.005479452,0.008219178,,
1,2497,0.005558037,6.84109589,0.555803674,1.84109589,3.15890411,118,MIN,0.005479452,0.008219178,,
1,2499,0.005605137,6.846575343,0.560513719,1.846575343,3.153424658,119,MIN,0.005479452,0.008219178,,
1,2523,0.005652238,6.912328767,0.5652238,1.912328767,3.087671233,120,MIN,0.005479452,0.008219178,,
1,2570,0.005699339,7.04109589,0.569933919,2.04109589,2.95890411,121,MIN,0.005479452,0.008219178,,
1,2577,0.00574644,7.060273973,0.574644037,2.060273973,2.939726027,122,MIN,0.005479452,0.008219178,,
1,2609,0.005793544,7.147945206,0.579354418,2.147945206,2.852054795,123,MIN,0.005479452,0.008219178,,
1,2629,0.005934849,7.202739726,0.593484889,2.202739726,2.797260274,124,MIN,0.005479452,0.008219178,,
1,2635,0.005981954,7.219178082,0.598195387,2.219178082,2.780821918,125,MIN,0.005479452,0.008219178,,
1,2663,0.006029059,7.295890411,0.602905885,2.295890411,2.704109589,126,MIN,0.005479452,0.008219178,,
1,2685,0.006076165,7.356164384,0.607616505,2.356164384,2.643835616,127,MIN,0.005479452,0.008219178,,
1,2694,0.006123273,7.380821918,0.612327246,2.380821918,2.619178082,128,MIN,0.005479452,0.008219178,,
1,2711,0.006170385,7.42739726,0.617038498,2.42739726,2.57260274,129,MIN,0.005479452,0.008219178,,
1,2714,0.006217498,7.435616438,0.621749832,2.435616438,2.564383562,130,MIN,0.005479452,0.008219178,,
1,2735,0.006264624,7.493150685,0.626462358,2.493150685,2.506849315,131,MIN,0.005479452,0.008219178,,
1,2741,0.006311752,7.509589041,0.631175218,2.509589041,2.490410959,132,MIN,0.005479452,0.008219178,,
1,2769,0.006358892,7.58630137,0.63588915,2.58630137,2.41369863,133,MIN,0.005479452,0.008219178,,
1,2781,0.006406034,7.619178082,0.640603438,2.619178082,2.380821918,134,MIN,0.005479452,0.008219178,,
1,2863,0.006500718,7.843835616,0.650071782,2.843835616,2.156164384,135,MIN,0.005479452,0.008219178,,
1,2866,0.006548067,7.852054795,0.654806691,2.852054795,2.147945206,136,MIN,0.005479452,0.008219178,,
1,2878,0.006595457,7.884931507,0.659545733,2.884931507,2.115068493,137,MIN,0.005479452,0.008219178,,
1,2885,0.00664285,7.904109589,0.664285001,2.904109589,2.095890411,138,MIN,0.005479452,0.008219178,,
1,2893,0.006690263,7.926027397,0.669026246,2.926027397,2.073972603,139,MIN,0.005479452,0.008219178,,
1,2903,0.006737695,7.953424658,0.673769471,2.953424658,2.046575343,140,MIN,0.005479452,0.008219178,,
1,2913,0.006785162,7.980821918,0.678516172,2.980821918,2.019178082,141,MIN,0.005479452,0.008219178,,
1,2922,0.006832652,8.005479452,0.683265183,3.005479452,1.994520548,142,MIN,0.005479452,0.008219178,,
1,2924,0.006880136,8.010958904,0.688013642,3.010958904,1.989041096,143,MIN,0.005479452,0.008219178,,
1,2964,0.006927687,8.120547945,0.692768657,3.120547945,1.879452055,144,MIN,0.005479452,0.008219178,,
1,2974,0.006975254,8.147945206,0.697525394,3.147945206,1.852054795,145,MIN,0.005479452,0.008219178,,
1,2993,0.007022839,8.2,0.702283904,3.2,1.8,146,MIN,0.005479452,0.008219178,,
1,3004,0.007070448,8.230136986,0.70704479,3.230136986,1.769863014,147,MIN,0.005479452,0.008219178,,
1,3110,0.007118349,8.520547945,0.711834875,3.520547945,1.479452055,148,MIN,0.005479452,0.008219178,,
1,3115,0.007166261,8.534246575,0.716626048,3.534246575,1.465753425,149,MIN,0.005479452,0.008219178,,
1,3120,0.007214169,8.547945206,0.721416915,3.547945206,1.452054795,150,MIN,0.005479452,0.008219178,,
1,3145,0.007262114,8.616438356,0.726211388,3.616438356,1.383561644,151,MIN,0.005479452,0.008219178,,
1,3152,0.007310072,8.635616438,0.731007156,3.635616438,1.364383562,152,MIN,0.005479452,0.008219178,,
1,3166,0.007358062,8.673972603,0.735806149,3.673972603,1.326027397,153,MIN,0.005479452,0.008219178,,
1,3176,0.007406065,8.701369863,0.740606508,3.701369863,1.298630137,154,MIN,0.005479452,0.008219178,,
1,3182,0.007454093,8.717808219,0.745409266,3.717808219,1.282191781,155,MIN,0.005479452,0.008219178,,
1,3191,0.007502156,8.742465753,0.750215579,3.742465753,1.257534247,156,MIN,0.005479452,0.008219178,,
1,3195,0.007550227,8.753424658,0.75502272,3.753424658,1.246575343,157,MIN,0.005479452,0.008219178,,
1,3228,0.007598363,8.843835616,0.759836248,3.843835616,1.156164384,158,MIN,0.005479452,0.008219178,,
1,3235,0.007646514,8.863013699,0.76465138,3.863013699,1.136986301,159,MIN,0.005479452,0.008219178,,
1,3238,0.007694667,8.871232877,0.769466737,3.871232877,1.128767123,160,MIN,0.005479452,0.008219178,,
1,3239,0.007742824,8.873972603,0.774282424,3.873972603,1.126027397,161,MIN,0.005479452,0.008219178,,
1,3246,0.007790995,8.893150685,0.779099515,3.893150685,1.106849315,162,MIN,0.005479452,0.008219178,,
1,3256,0.007839177,8.920547945,0.783917647,3.920547945,1.079452055,163,MIN,0.005479452,0.008219178,,
1,3259,0.007887358,8.928767123,0.788735763,3.928767123,1.071232877,164,MIN,0.005479452,0.008219178,,
1,3276,0.007935566,8.975342466,0.793556612,3.975342466,1.024657534,165,MIN,0.005479452,0.008219178,,
1,3317,0.00798386,9.087671233,0.798385957,4.087671233,0.912328767,166,MIN,0.005479452,0.008219178,,
1,3341,0.008032235,9.153424658,0.803223481,4.153424658,0.846575343,167,MIN,0.005479452,0.008219178,,
1,3345,0.008080619,9.164383562,0.808061929,4.164383562,0.835616438,168,MIN,0.005479452,0.008219178,,
1,3368,0.008129104,9.22739726,0.812910383,4.22739726,0.77260274,169,MIN,0.005479452,0.008219178,,
1,3370,0.008177589,9.232876712,0.817758855,4.232876712,0.767123288,170,MIN,0.005479452,0.008219178,,
1,3372,0.008226068,9.238356164,0.822606815,4.238356164,0.761643836,171,MIN,0.005479452,0.008219178,,
1,3408,0.00827473,9.336986301,0.827472957,4.336986301,0.663013699,172,MIN,0.005479452,0.008219178,,
1,3419,0.008323453,9.367123288,0.832345342,4.367123288,0.632876712,173,MIN,0.005479452,0.008219178,,
1,3421,0.008372184,9.37260274,0.837218378,4.37260274,0.62739726,174,MIN,0.005479452,0.008219178,,
1,3424,0.008420939,9.380821918,0.84209392,4.380821918,0.619178082,175,MIN,0.005479452,0.008219178,,
1,3427,0.00846973,9.389041096,0.846972968,4.389041096,0.610958904,176,MIN,0.005479452,0.008219178,,
1,3440,0.008518616,9.424657534,0.851861571,4.424657534,0.575342466,177,MIN,0.005479452,0.008219178,,
1,3464,0.008567675,9.490410959,0.856767515,4.490410959,0.509589041,178,MIN,0.005479452,0.008219178,,
1,3465,0.008616738,9.493150685,0.861673827,4.493150685,0.506849315,179,MIN,0.005479452,0.008219178,,
1,3474,0.008665854,9.517808219,0.866585373,4.517808219,0.482191781,180,MIN,0.005479452,0.008219178,,
1,3488,0.008715091,9.556164384,0.871509057,4.556164384,0.443835616,181,MIN,0.005479452,0.008219178,,
1,3489,0.008764333,9.55890411,0.876433257,4.55890411,0.44109589,182,MIN,0.005479452,0.008219178,,
1,3548,0.008813837,9.720547945,0.881383675,4.720547945,0.279452055,183,MIN,0.005479452,0.008219178,,
1,3559,0.008863394,9.750684932,0.886339356,4.750684932,0.249315069,184,MIN,0.005479452,0.008219178,,
1,3576,0.008912981,9.797260274,0.891298061,4.797260274,0.202739726,185,MIN,0.005479452,0.008219178,,
1,3590,0.008962638,9.835616438,0.896263797,4.835616438,0.164383562,186,MIN,0.005479452,0.008219178,,
1,3629,0.009012636,9.942465753,0.901263588,4.942465753,0.057534247,187,MIN,0.005479452,0.008219178,,
1,3638,0.00906274,9.967123288,0.906274028,4.967123288,0.032876712,188,MIN,0.005479452,0.008219178,,
1,3653,0.009113016,10.00821918,0.911301636,5.008219178,0.008219178,189,MIN,0.005479452,0.008219178,,1
1,3662,0.009163372,10.03287671,0.916337236,5.032876712,0.032876712,190,MIN,0.005479452,0.008219178,,
1,3670,0.009213779,10.05479452,0.921377916,5.054794521,0.054794521,191,MIN,0.005479452,0.008219178,,
1,3698,0.009264358,10.13150685,0.926435782,5.131506849,0.131506849,192,MIN,0.005479452,0.008219178,,
1,3712,0.009314964,10.16986301,0.931496427,5.169863014,0.169863014,193,MIN,0.005479452,0.008219178,,
1,3717,0.009365571,10.18356164,0.936557076,5.183561644,0.183561644,194,MIN,0.005479452,0.008219178,,
1,3719,0.009416183,10.1890411,0.941618325,5.189041096,0.189041096,195,MIN,0.005479452,0.008219178,,
1,3727,0.00946683,10.2109589,0.946682972,5.210958904,0.210958904,196,MIN,0.005479452,0.008219178,,
1,3755,0.009517539,10.28767123,0.951753887,5.287671233,0.287671233,197,MIN,0.005479452,0.008219178,,
1,3770,0.009568265,10.32876712,0.956826457,5.328767123,0.328767123,198,MIN,0.005479452,0.008219178,,
1,3835,0.009619009,10.50684932,0.961900863,5.506849315,0.506849315,199,MIN,0.005479452,0.008219178,,
1,3841,0.009669762,10.52328767,0.966976153,5.523287671,0.523287671,200,MIN,0.005479452,0.008219178,,
1,3850,0.009720527,10.54794521,0.972052651,5.547945206,0.547945206,201,MIN,0.005479452,0.008219178,,
1,3859,0.00977129,10.57260274,0.977128954,5.57260274,0.57260274,202,MIN,0.005479452,0.008219178,,
1,3866,0.009822064,10.59178082,0.982206416,5.591780822,0.591780822,203,MIN,0.005479452,0.008219178,,
1,3905,0.00987285,10.69863014,0.987284959,5.698630137,0.698630137,204,MIN,0.005479452,0.008219178,,
1,3927,0.009923638,10.75890411,0.992363792,5.75890411,0.75890411,205,MIN,0.005479452,0.008219178,,
1,3968,0.009974447,10.87123288,0.997444724,5.871232877,0.871232877,206,MIN,0.005479452,0.008219178,,
1,3981,0.010025269,10.90684932,1.002526913,5.906849315,0.906849315,207,MIN,0.005479452,0.008219178,,
1,3992,0.010076101,10.9369863,1.007610128,5.936986301,0.936986301,208,MIN,0.005479452,0.008219178,,
1,3994,0.010126934,10.94246575,1.012693399,5.942465753,0.942465753,209,MIN,0.005479452,0.008219178,,
1,3999,0.010177773,10.95616438,1.017777275,5.956164384,0.956164384,210,MIN,0.005479452,0.008219178,,
1,4001,0.010228612,10.96164384,1.022861208,5.961643836,0.961643836,211,MIN,0.005479452,0.008219178,,
1,4003,0.010279454,10.96712329,1.027945371,5.967123288,0.967123288,212,MIN,0.005479452,0.008219178,,
1,4005,0.010330297,10.97260274,1.033029707,5.97260274,0.97260274,213,MIN,0.005479452,0.008219178,,
1,4032,0.010381166,11.04657534,1.038116624,6.046575343,1.046575343,214,MIN,0.005479452,0.008219178,,
1,4037,0.010432033,11.06027397,1.043203311,6.060273973,1.060273973,215,MIN,0.005479452,0.008219178,,
1,4083,0.010482928,11.18630137,1.048292813,6.18630137,1.18630137,216,MIN,0.005479452,0.008219178,,
1,4098,0.010533832,11.22739726,1.053383223,6.22739726,1.22739726,217,MIN,0.005479452,0.008219178,,
1,4141,0.01058475,11.34520548,1.05847501,6.34520548,1.34520548,218,MIN,0.005479452,0.008219178,,
1,4153,0.010635672,11.37808219,1.063567227,6.378082192,1.378082192,219,MIN,0.005479452,0.008219178,,
1,4163,0.010686598,11.40547945,1.068659813,6.405479452,1.405479452,220,MIN,0.005479452,0.008219178,,
1,4169,0.010737534,11.42191781,1.07375336,6.421917808,1.421917808,221,MIN,0.005479452,0.008219178,,
1,4184,0.010788471,11.4630137,1.07884708,6.463013699,1.463013699,222,MIN,0.005479452,0.008219178,,
1,4203,0.010839417,11.51506849,1.0839417,6.515068493,1.515068493,223,MIN,0.005479452,0.008219178,,
1,4209,0.010890367,11.53150685,1.089036646,6.531506849,1.531506849,224,MIN,0.005479452,0.008219178,,
1,4220,0.010941323,11.56164384,1.094132313,6.561643836,1.561643836,225,MIN,0.005479452,0.008219178,,
1,4264,0.010992324,11.68219178,1.099232411,6.682191781,1.682191781,226,MIN,0.005479452,0.008219178,,
1,4267,0.011043323,11.69041096,1.104332313,6.690410959,1.690410959,227,MIN,0.005479452,0.008219178,,
1,4316,0.011094333,11.82465753,1.109433345,6.824657534,1.824657534,228,MIN,0.005479452,0.008219178,,
1,4324,0.011145345,11.84657534,1.114534468,6.846575343,1.846575343,229,MIN,0.005479452,0.008219178,,
1,4344,0.011196383,11.90136986,1.119638308,6.901369863,1.901369863,230,MIN,0.005479452,0.008219178,,
1,4388,0.011247443,12.02191781,1.124744329,7.021917808,2.021917808,231,MIN,0.005479452,0.008219178,,
1,4399,0.011298509,12.0520548,1.129850921,7.052054795,2.052054795,232,MIN,0.005479452,0.008219178,,
1,4411,0.011349578,12.08493151,1.134957824,7.084931507,2.084931507,233,MIN,0.005479452,0.008219178,,
1,4429,0.011400654,12.13424658,1.140065377,7.134246575,2.134246575,234,MIN,0.005479452,0.008219178,,
1,4435,0.011451726,12.15068493,1.14517262,7.150684932,2.150684932,235,MIN,0.005479452,0.008219178,,
1,4439,0.0115028,12.16164384,1.15028001,7.161643836,2.161643836,236,MIN,0.005479452,0.008219178,,
1,4474,0.011554374,12.25753425,1.15543742,7.257534247,2.257534247,237,MIN,0.005479452,0.008219178,,
1,4476,0.011605998,12.2630137,1.160599825,7.263013699,2.263013699,238,MIN,0.005479452,0.008219178,,
1,4485,0.011657722,12.28767123,1.165772167,7.287671233,2.287671233,239,MIN,0.005479452,0.008219178,,
1,4493,0.01170962,12.30958904,1.17096198,7.309589041,2.309589041,240,MIN,0.005479452,0.008219178,,
1,4524,0.011762501,12.39452055,1.176250098,7.394520548,2.394520548,241,MIN,0.005479452,0.008219178,,
1,4533,0.011815622,12.41917808,1.181562194,7.419178082,2.419178082,242,MIN,0.005479452,0.008219178,,
1,4536,0.011868779,12.42739726,1.186877914,7.42739726,2.42739726,243,MIN,0.005479452,0.008219178,,
1,4543,0.011922227,12.44657534,1.192222713,7.446575343,2.446575343,244,MIN,0.005479452,0.008219178,,
1,4552,0.01197634,12.47123288,1.197634012,7.471232877,2.471232877,245,MIN,0.005479452,0.008219178,,
1,4560,0.012030891,12.49315069,1.203089054,7.493150685,2.493150685,246,MIN,0.005479452,0.008219178,,
1,4568,0.012085545,12.51506849,1.208554529,7.515068493,2.515068493,247,MIN,0.005479452,0.008219178,,
1,4593,0.012140792,12.58356164,1.214079196,7.583561644,2.583561644,248,MIN,0.005479452,0.008219178,,
1,4594,0.012196093,12.58630137,1.219609307,7.58630137,2.58630137,249,MIN,0.005479452,0.008219178,,
1,4605,0.012251539,12.61643836,1.225153927,7.616438356,2.616438356,250,MIN,0.005479452,0.008219178,,
1,4607,0.012307053,12.62191781,1.230705323,7.621917808,2.621917808,251,MIN,0.005479452,0.008219178,,
1,4645,0.012363637,12.7260274,1.236363665,7.726027397,2.726027397,252,MIN,0.005479452,0.008219178,,
1,4651,0.012420414,12.74246575,1.242041352,7.742465753,2.742465753,253,MIN,0.005479452,0.008219178,,
1,4659,0.012477406,12.76438356,1.247740563,7.764383562,2.764383562,254,MIN,0.005479452,0.008219178,,
1,4694,0.012535279,12.86027397,1.253527865,7.860273973,2.860273973,255,MIN,0.005479452,0.008219178,,
1,4704,0.01265119,12.88767123,1.265119003,7.887671233,2.887671233,256,MIN,0.005479452,0.008219178,,
1,4706,0.012709209,12.89315069,1.270920912,7.893150685,2.893150685,257,MIN,0.005479452,0.008219178,,
1,4738,0.012768001,12.98082192,1.276800075,7.980821918,2.980821918,258,MIN,0.005479452,0.008219178,,
1,4769,0.012827514,13.06575343,1.282751388,8.065753425,3.065753425,259,MIN,0.005479452,0.008219178,,
1,4777,0.012887414,13.08767123,1.288741362,8.087671233,3.087671233,260,MIN,0.005479452,0.008219178,,
1,4799,0.012947961,13.14794521,1.294796057,8.147945206,3.147945206,261,MIN,0.005479452,0.008219178,,
1,4817,0.013009364,13.19726027,1.300936422,8.197260274,3.197260274,262,MIN,0.005479452,0.008219178,,
1,4851,0.013071973,13.29041096,1.307197327,8.290410959,3.290410959,263,MIN,0.005479452,0.008219178,,
1,4868,0.013135315,13.3369863,1.31353146,8.336986301,3.336986301,264,MIN,0.005479452,0.008219178,,
1,4886,0.01319944,13.38630137,1.319943971,8.38630137,3.38630137,265,MIN,0.005479452,0.008219178,,
1,4888,0.01326374,13.39178082,1.326374028,8.391780822,3.391780822,266,MIN,0.005479452,0.008219178,,
1,4903,0.013328855,13.43287671,1.332885465,8.432876712,3.432876712,267,MIN,0.005479452,0.008219178,,
1,4921,0.013394409,13.48219178,1.339440943,8.482191781,3.482191781,268,MIN,0.005479452,0.008219178,,
1,4927,0.013460163,13.49863014,1.346016341,8.498630137,3.498630137,269,MIN,0.005479452,0.008219178,,
1,4933,0.013526033,13.51506849,1.352603256,8.515068493,3.515068493,270,MIN,0.005479452,0.008219178,,
1,4964,0.013593592,13.6,1.35935923,8.6,3.6,271,MIN,0.005479452,0.008219178,,
1,4970,0.013661207,13.61643836,1.366120657,8.616438356,3.616438356,272,MIN,0.005479452,0.008219178,,
1,5000,0.013729676,13.69863014,1.372967606,8.698630137,3.698630137,273,MIN,0.005479452,0.008219178,,
1,5002,0.013798174,13.70410959,1.379817408,8.704109589,3.704109589,274,MIN,0.005479452,0.008219178,,
1,5066,0.013869123,13.87945206,1.386912284,8.879452055,3.879452055,275,MIN,0.005479452,0.008219178,,
1,5137,0.013943476,14.0739726,1.394347574,9.073972603,4.073972603,276,MIN,0.005479452,0.008219178,,
1,5184,0.014020371,14.20273973,1.402037058,9.202739726,4.202739726,277,MIN,0.005479452,0.008219178,,
1,5185,0.014097265,14.20547945,1.409726542,9.205479452,4.205479452,278,MIN,0.005479452,0.008219178,,
1,5189,0.014174598,14.21643836,1.417459778,9.216438356,4.216438356,279,MIN,0.005479452,0.008219178,,
1,5198,0.014252671,14.24109589,1.425267124,9.24109589,4.24109589,280,MIN,0.005479452,0.008219178,,
1,5201,0.014330797,14.24931507,1.433079669,9.249315069,4.249315069,281,MIN,0.005479452,0.008219178,,
1,5238,0.014411084,14.35068493,1.44110843,9.350684932,4.350684932,282,MIN,0.005479452,0.008219178,,
1,5247,0.014491792,14.37534247,1.449179198,9.375342466,4.375342466,283,MIN,0.005479452,0.008219178,,
1,5259,0.014573282,14.40821918,1.457328193,9.408219178,4.408219178,284,MIN,0.005479452,0.008219178,,
1,5270,0.014655489,14.43835616,1.465548868,9.438356164,4.438356164,285,MIN,0.005479452,0.008219178,,
1,5280,0.014738512,14.46575343,1.473851151,9.465753425,4.465753425,286,MIN,0.005479452,0.008219178,,
1,5288,0.01482247,14.48767123,1.482247045,9.487671233,4.487671233,287,MIN,0.005479452,0.008219178,,
1,5300,0.014907142,14.52054795,1.490714187,9.520547945,4.520547945,288,MIN,0.005479452,0.008219178,,
1,5324,0.014994016,14.58630137,1.4994016,9.58630137,4.58630137,289,MIN,0.005479452,0.008219178,,
1,5331,0.015081302,14.60547945,1.508130233,9.605479452,4.605479452,290,MIN,0.005479452,0.008219178,,
1,5361,0.015171203,14.68767123,1.517120263,9.687671233,4.687671233,291,MIN,0.005479452,0.008219178,,
1,5367,0.015261813,14.70410959,1.526181315,9.704109589,4.704109589,292,MIN,0.005479452,0.008219178,,
1,5407,0.015358025,14.81369863,1.535802505,9.81369863,4.81369863,293,MIN,0.005479452,0.008219178,,
1,5408,0.015454237,14.81643836,1.545423695,9.816438356,4.816438356,294,MIN,0.005479452,0.008219178,,
1,5446,0.015556038,14.92054795,1.555603749,9.920547945,4.920547945,295,MIN,0.005479452,0.008219178,,
1,5602,0.015697879,15.34794521,1.569787937,10.34794521,5.347945206,296,MIN,0.005479452,0.008219178,,
1,5650,0.015859459,15.47945206,1.585945934,10.47945206,5.479452055,297,MIN,0.005479452,0.008219178,,
1,5690,0.016044063,15.5890411,1.604406258,10.5890411,5.589041096,298,MIN,0.005479452,0.008219178,,
1,5701,0.016234962,15.61917808,1.623496162,10.61917808,5.619178082,299,MIN,0.005479452,0.008219178,,
1,5720,0.016436935,15.67123288,1.643693446,10.67123288,5.671232877,300,MIN,0.005479452,0.008219178,,
1,5842,0.016761553,16.00547945,1.676155318,11.00547945,6.005479452,301,MIN,0.005479452,0.008219178,,
1,5880,0.017138471,16.10958904,1.713847109,11.10958904,6.109589041,302,MIN,0.005479452,0.008219178,,
2,0,0,0,0,5,10,303,MIN,0.197260274,0.005479452,,
2,253,0.000136249,0.693150685,0.013624906,4.306849315,9.306849315,304,MIN,0.197260274,0.005479452,,
2,647,0.000272498,1.77260274,0.027249813,3.22739726,8.22739726,305,MIN,0.197260274,0.005479452,,
2,877,0.000408747,2.402739726,0.040874719,2.597260274,7.597260274,306,MIN,0.197260274,0.005479452,,
2,1038,0.000544996,2.843835616,0.054499625,2.156164384,7.156164384,307,MIN,0.197260274,0.005479452,,
2,1168,0.000681245,3.2,0.068124532,1.8,6.8,308,MIN,0.197260274,0.005479452,,
2,1349,0.000817494,3.695890411,0.081749438,1.304109589,6.304109589,309,MIN,0.197260274,0.005479452,,
2,1476,0.000953743,4.043835616,0.095374344,0.956164384,5.956164384,310,MIN,0.197260274,0.005479452,,
2,1495,0.001089993,4.095890411,0.108999251,0.904109589,5.904109589,311,MIN,0.197260274,0.005479452,,
2,1558,0.001226242,4.268493151,0.122624157,0.731506849,5.731506849,312,MIN,0.197260274,0.005479452,,
2,1578,0.001362491,4.323287671,0.136249063,0.676712329,5.676712329,313,MIN,0.197260274,0.005479452,,
2,1598,0.00149874,4.378082192,0.149873969,0.621917808,5.621917808,314,MIN,0.197260274,0.005479452,,
2,1632,0.001634989,4.471232877,0.163498876,0.528767123,5.528767123,315,MIN,0.197260274,0.005479452,,
2,1692,0.001771238,4.635616438,0.177123782,0.364383562,5.364383562,316,MIN,0.197260274,0.005479452,,
2,1714,0.001907487,4.695890411,0.190748688,0.304109589,5.304109589,317,MIN,0.197260274,0.005479452,,
2,1716,0.002043736,4.701369863,0.204373595,0.298630137,5.298630137,318,MIN,0.197260274,0.005479452,,
2,1897,0.002179985,5.197260274,0.217998501,0.197260274,4.802739726,319,MIN,0.197260274,0.005479452,1,
2,2104,0.002316234,5.764383562,0.231623407,0.764383562,4.235616438,320,MIN,0.197260274,0.005479452,,
2,2122,0.002452483,5.81369863,0.245248314,0.81369863,4.18630137,321,MIN,0.197260274,0.005479452,,
2,2181,0.002588732,5.975342466,0.25887322,0.975342466,4.024657534,322,MIN,0.197260274,0.005479452,,
2,2209,0.002724981,6.052054795,0.272498126,1.052054795,3.947945206,323,MIN,0.197260274,0.005479452,,
2,2215,0.00286123,6.068493151,0.286123033,1.068493151,3.931506849,324,MIN,0.197260274,0.005479452,,
2,2258,0.002997479,6.18630137,0.299747939,1.18630137,3.81369863,325,MIN,0.197260274,0.005479452,,
2,2265,0.003133729,6.205479452,0.313372845,1.205479452,3.794520548,326,MIN,0.197260274,0.005479452,,
2,2302,0.003269978,6.306849315,0.326997751,1.306849315,3.693150685,327,MIN,0.197260274,0.005479452,,
2,2502,0.003406247,6.854794521,0.340624686,1.854794521,3.14520548,328,MIN,0.197260274,0.005479452,,
2,2516,0.003542518,6.893150685,0.354251794,1.893150685,3.106849315,329,MIN,0.197260274,0.005479452,,
2,2530,0.003678789,6.931506849,0.367878903,1.931506849,3.068493151,330,MIN,0.197260274,0.005479452,,
2,2643,0.003815043,7.24109589,0.381504327,2.24109589,2.75890411,331,MIN,0.197260274,0.005479452,,
2,2683,0.003951298,7.350684932,0.395129751,2.350684932,2.649315069,332,MIN,0.197260274,0.005479452,,
2,2693,0.004087552,7.378082192,0.408755176,2.378082192,2.621917808,333,MIN,0.197260274,0.005479452,,
2,2700,0.004223806,7.397260274,0.4223806,2.397260274,2.602739726,334,MIN,0.197260274,0.005479452,,
2,2836,0.004360883,7.769863014,0.436088338,2.769863014,2.230136986,335,MIN,0.197260274,0.005479452,,
2,2864,0.004498215,7.846575343,0.449821495,2.846575343,2.153424658,336,MIN,0.197260274,0.005479452,,
2,2926,0.004636179,8.016438356,0.463617892,3.016438356,1.983561644,337,MIN,0.197260274,0.005479452,,
2,3033,0.004775704,8.309589041,0.477570397,3.309589041,1.690410959,338,MIN,0.197260274,0.005479452,,
2,3198,0.004917792,8.761643836,0.491779171,3.761643836,1.238356164,339,MIN,0.197260274,0.005479452,,
2,3278,0.005061527,8.980821918,0.506152705,3.980821918,1.019178082,340,MIN,0.197260274,0.005479452,,
2,3382,0.005207719,9.265753425,0.520771851,4.265753425,0.734246575,341,MIN,0.197260274,0.005479452,,
2,3402,0.005354124,9.320547945,0.5354124,4.320547945,0.679452055,342,MIN,0.197260274,0.005479452,,
2,3491,0.005502254,9.564383562,0.550225416,4.564383562,0.435616438,343,MIN,0.197260274,0.005479452,,
2,3509,0.005650861,9.61369863,0.565086088,4.61369863,0.38630137,344,MIN,0.197260274,0.005479452,,
2,3646,0.005805389,9.989041096,0.580538862,4.989041096,0.010958904,345,MIN,0.197260274,0.005479452,,
2,3648,0.005959951,9.994520548,0.595995133,4.994520548,0.005479452,346,MIN,0.197260274,0.005479452,,1
2,3661,0.006115167,10.03013699,0.611516728,5.030136986,0.030136986,347,MIN,0.197260274,0.005479452,,
2,3853,0.006272878,10.55616438,0.627287784,5.556164384,0.556164384,348,MIN,0.197260274,0.005479452,,
2,3872,0.006430844,10.60821918,0.643084358,5.608219178,0.608219178,349,MIN,0.197260274,0.005479452,,
2,3907,0.006589024,10.70410959,0.658902433,5.704109589,0.704109589,350,MIN,0.197260274,0.005479452,,
2,3915,0.00674727,10.7260274,0.674727022,5.726027397,0.726027397,351,MIN,0.197260274,0.005479452,,
2,3926,0.006905632,10.75616438,0.690563195,5.756164384,0.756164384,352,MIN,0.197260274,0.005479452,,
2,3954,0.007064102,10.83287671,0.70641018,5.832876712,0.832876712,353,MIN,0.197260274,0.005479452,,
2,3955,0.007222575,10.83561644,0.72225747,5.835616438,0.835616438,354,MIN,0.197260274,0.005479452,,
2,4020,0.007380942,11.01369863,0.738094189,6.01369863,1.01369863,355,MIN,0.197260274,0.005479452,,
2,4030,0.007539322,11.04109589,0.753932159,6.04109589,1.04109589,356,MIN,0.197260274,0.005479452,,
2,4053,0.007697682,11.10410959,0.769768236,6.104109589,1.104109589,357,MIN,0.197260274,0.005479452,,
2,4060,0.007855999,11.12328767,0.7855999,6.123287671,1.123287671,358,MIN,0.197260274,0.005479452,,
2,4120,0.008014629,11.28767123,0.801462888,6.287671233,1.287671233,359,MIN,0.197260274,0.005479452,,
2,4133,0.008173269,11.32328767,0.817326892,6.323287671,1.323287671,360,MIN,0.197260274,0.005479452,,
2,4138,0.008331909,11.3369863,0.833190895,6.336986301,1.336986301,361,MIN,0.197260274,0.005479452,,
2,4170,0.008490615,11.42465753,0.849061462,6.424657534,1.424657534,362,MIN,0.197260274,0.005479452,,
2,4181,0.008649425,11.45479452,0.864942445,6.454794521,1.454794521,363,MIN,0.197260274,0.005479452,,
2,4201,0.008808321,11.50958904,0.880832046,6.509589041,1.509589041,364,MIN,0.197260274,0.005479452,,
2,4221,0.008967205,11.56438356,0.896720528,6.564383562,1.564383562,365,MIN,0.197260274,0.005479452,,
2,4284,0.009126077,11.7369863,0.912607653,6.736986301,1.736986301,366,MIN,0.197260274,0.005479452,,
2,4290,0.009284952,11.75342466,0.928495157,6.753424658,1.753424658,367,MIN,0.197260274,0.005479452,,
2,4361,0.009443937,11.94794521,0.944393663,6.947945206,1.947945206,368,MIN,0.197260274,0.005479452,,
2,4379,0.009602934,11.99726027,0.960293358,6.997260274,1.997260274,369,MIN,0.197260274,0.005479452,,
2,4421,0.009762022,12.11232877,0.97620217,7.112328767,2.112328767,370,MIN,0.197260274,0.005479452,,
2,4435,0.009921169,12.15068493,0.992116911,7.150684932,2.150684932,371,MIN,0.197260274,0.005479452,,
2,4477,0.010082591,12.26575343,1.008259099,7.265753425,2.265753425,372,MIN,0.197260274,0.005479452,,
2,4489,0.010245283,12.29863014,1.024528256,7.298630137,2.298630137,373,MIN,0.197260274,0.005479452,,
2,4647,0.010427434,12.73150685,1.042743399,7.731506849,2.731506849,374,MIN,0.197260274,0.005479452,,
2,4800,0.010622809,13.15068493,1.062280907,8.150684932,3.150684932,375,MIN,0.197260274,0.005479452,,
2,5023,0.010852514,13.76164384,1.085251409,8.761643836,3.761643836,376,MIN,0.197260274,0.005479452,,
2,5191,0.011111908,14.22191781,1.11119081,9.221917808,4.221917808,377,MIN,0.197260274,0.005479452,,
2,5304,0.011403255,14.53150685,1.140325498,9.531506849,4.531506849,378,MIN,0.197260274,0.005479452,,
2,5443,0.011764271,14.91232877,1.176427056,9.912328767,4.912328767,379,MIN,0.197260274,0.005479452,,
2,5698,0.012479037,15.6109589,1.247903713,10.6109589,5.610958904,380,MIN,0.197260274,0.005479452,,
